epoch;loss;val_loss
0;0.1929157851062164;0.19574968527254313
1;0.19118528685843603;0.1912940151421151
2;0.18793464433356358;0.18856101574870238
3;0.17976812973539014;0.18182821150027095
4;0.15882789517370244;0.1515420620610574
5;0.1269088135329558;0.1378180508230056
6;0.10472780033679578;0.15903856704093677
7;0.0864611602886175;0.13557780254176025
8;0.07969416908606364;0.11281481307349249
9;0.07618792717819561;0.11235553148529115
